time_ms,voltage,spike
0.00,-66.5000,0
0.50,-67.8050,0
1.00,-68.8656,0
1.50,-69.6759,0
2.00,-70.2629,0
2.50,-70.6700,0
3.00,-70.9421,0
3.50,-71.1184,0
4.00,-71.2288,0
4.50,-71.2951,0
5.00,-71.3323,0
5.50,-71.3505,0
6.00,-71.3563,0
6.50,-71.3543,0
7.00,-71.3472,0
7.50,-71.3369,0
8.00,-71.3246,0
8.50,-71.3111,0
9.00,-71.2968,0
9.50,-71.2822,0
10.00,-71.2672,0
10.50,-71.2523,0
11.00,-71.2373,0
11.50,-71.2224,0
12.00,-71.2076,0
12.50,-71.1929,0
13.00,-71.1783,0
13.50,-71.1639,0
14.00,-71.1497,0
14.50,-71.1356,0
15.00,-71.1216,0
15.50,-71.1078,0
16.00,-71.0942,0
16.50,-71.0807,0
17.00,-71.0674,0
17.50,-71.0542,0
18.00,-71.0411,0
18.50,-71.0282,0
19.00,-71.0155,0
19.50,-71.0029,0
20.00,-70.9905,0
20.50,-70.9782,0
21.00,-70.9660,0
21.50,-70.9540,0
22.00,-70.9421,0
22.50,-70.9303,0
23.00,-70.9187,0
23.50,-70.9072,0
24.00,-70.8959,0
24.50,-70.8847,0
25.00,-70.8736,0
25.50,-70.8626,0
26.00,-70.8518,0
26.50,-70.8411,0
27.00,-70.8306,0
27.50,-70.8201,0
28.00,-70.8098,0
28.50,-70.7996,0
29.00,-70.7895,0
29.50,-70.7795,0
30.00,-70.7697,0
30.50,-70.7600,0
31.00,-70.7504,0
31.50,-70.7409,0
32.00,-70.7315,0
32.50,-70.7222,0
33.00,-70.7130,0
33.50,-70.7040,0
34.00,-70.6950,0
34.50,-70.6862,0
35.00,-70.6775,0
35.50,-70.6689,0
36.00,-70.6604,0
36.50,-70.6519,0
37.00,-70.6436,0
37.50,-70.6354,0
38.00,-70.6273,0
38.50,-70.6193,0
39.00,-70.6113,0
39.50,-70.6035,0
40.00,-70.5958,0
40.50,-70.5882,0
41.00,-70.5806,0
41.50,-70.5732,0
42.00,-70.5658,0
42.50,-70.5586,0
43.00,-70.5514,0
43.50,-70.5443,0
44.00,-70.5373,0
44.50,-70.5304,0
45.00,-70.5235,0
45.50,-70.5168,0
46.00,-70.5101,0
46.50,-70.5035,0
47.00,-70.4970,0
47.50,-70.4906,0
48.00,-70.4843,0
48.50,-70.4780,0
49.00,-70.4718,0
49.50,-70.4657,0
50.00,-70.4597,0
50.50,-70.4537,0
51.00,-70.4479,0
51.50,-70.4420,0
52.00,-70.4363,0
52.50,-70.4306,0
53.00,-70.4250,0
53.50,-70.4195,0
54.00,-70.4141,0
54.50,-70.4087,0
55.00,-70.4034,0
55.50,-70.3981,0
56.00,-70.3929,0
56.50,-70.3878,0
57.00,-70.3828,0
57.50,-70.3778,0
58.00,-70.3728,0
58.50,-70.3680,0
59.00,-70.3632,0
59.50,-70.3584,0
60.00,-70.3537,0
60.50,-70.3491,0
61.00,-70.3446,0
61.50,-70.3400,0
62.00,-70.3356,0
62.50,-70.3312,0
63.00,-70.3268,0
63.50,-70.3226,0
64.00,-70.3183,0
64.50,-70.3142,0
65.00,-70.3100,0
65.50,-70.3060,0
66.00,-70.3020,0
66.50,-70.2980,0
67.00,-70.2941,0
67.50,-70.2902,0
68.00,-70.2864,0
68.50,-70.2826,0
69.00,-70.2789,0
69.50,-70.2752,0
70.00,-70.2716,0
70.50,-70.2680,0
71.00,-70.2645,0
71.50,-70.2610,0
72.00,-70.2576,0
72.50,-70.2542,0
73.00,-70.2508,0
73.50,-70.2475,0
74.00,-70.2443,0
74.50,-70.2411,0
75.00,-70.2379,0
75.50,-70.2347,0
76.00,-70.2316,0
76.50,-70.2286,0
77.00,-70.2256,0
77.50,-70.2226,0
78.00,-70.2196,0
78.50,-70.2167,0
79.00,-70.2139,0
79.50,-70.2110,0
80.00,-70.2082,0
80.50,-70.2055,0
81.00,-70.2028,0
81.50,-70.2001,0
82.00,-70.1974,0
82.50,-70.1948,0
83.00,-70.1922,0
83.50,-70.1897,0
84.00,-70.1871,0
84.50,-70.1847,0
85.00,-70.1822,0
85.50,-70.1798,0
86.00,-70.1774,0
86.50,-70.1751,0
87.00,-70.1727,0
87.50,-70.1704,0
88.00,-70.1682,0
88.50,-70.1659,0
89.00,-70.1637,0
89.50,-70.1616,0
90.00,-70.1594,0
90.50,-70.1573,0
91.00,-70.1552,0
91.50,-70.1531,0
92.00,-70.1511,0
92.50,-70.1491,0
93.00,-70.1471,0
93.50,-70.1451,0
94.00,-70.1432,0
94.50,-70.1413,0
95.00,-70.1394,0
95.50,-70.1376,0
96.00,-70.1357,0
96.50,-70.1339,0
97.00,-70.1321,0
97.50,-70.1304,0
98.00,-70.1286,0
98.50,-70.1269,0
99.00,-70.1252,0
99.50,-70.1236,0
100.00,-70.1219,0
100.50,-65.1203,0
101.00,-61.1428,0
101.50,-57.2702,0
102.00,-52.8960,0
102.50,-47.2362,0
103.00,-38.7781,0
103.50,-23.7471,0
104.00,10.0350,0
104.50,30.0000,1
105.00,-65.2520,0
105.50,-65.4400,0
106.00,-65.5693,0
106.50,-65.6458,0
107.00,-65.6758,0
107.50,-65.6653,0
108.00,-65.6198,0
108.50,-65.5441,0
109.00,-65.4422,0
109.50,-65.3173,0
110.00,-65.1721,0
110.50,-65.0087,0
111.00,-64.8285,0
111.50,-64.6325,0
112.00,-64.4213,0
112.50,-64.1950,0
113.00,-63.9535,0
113.50,-63.6961,0
114.00,-63.4217,0
114.50,-63.1290,0
115.00,-62.8159,0
115.50,-62.4800,0
116.00,-62.1178,0
116.50,-61.7251,0
117.00,-61.2963,0
117.50,-60.8242,0
118.00,-60.2994,0
118.50,-59.7089,0
119.00,-59.0354,0
119.50,-58.2544,0
120.00,-57.3306,0
120.50,-56.2114,0
121.00,-54.8155,0
121.50,-53.0106,0
122.00,-50.5684,0
122.50,-47.0646,0
123.00,-41.6303,0
123.50,-32.2409,0
124.00,-13.2467,0
124.50,30.0000,1
125.00,-68.2236,0
125.50,-70.8497,0
126.00,-72.6669,0
126.50,-73.7394,0
127.00,-74.2800,0
127.50,-74.4985,0
128.00,-74.5401,0
128.50,-74.4893,0
129.00,-74.3911,0
129.50,-74.2688,0
130.00,-74.1342,0
130.50,-73.9932,0
131.00,-73.8489,0
131.50,-73.7027,0
132.00,-73.5557,0
132.50,-73.4080,0
133.00,-73.2599,0
133.50,-73.1115,0
134.00,-72.9628,0
134.50,-72.8139,0
135.00,-72.6648,0
135.50,-72.5154,0
136.00,-72.3657,0
136.50,-72.2157,0
137.00,-72.0654,0
137.50,-71.9147,0
138.00,-71.7636,0
138.50,-71.6120,0
139.00,-71.4600,0
139.50,-71.3075,0
140.00,-71.1544,0
140.50,-71.0008,0
141.00,-70.8465,0
141.50,-70.6916,0
142.00,-70.5359,0
142.50,-70.3794,0
143.00,-70.2221,0
143.50,-70.0639,0
144.00,-69.9048,0
144.50,-69.7446,0
145.00,-69.5834,0
145.50,-69.4210,0
146.00,-69.2573,0
146.50,-69.0923,0
147.00,-68.9258,0
147.50,-68.7578,0
148.00,-68.5882,0
148.50,-68.4168,0
149.00,-68.2435,0
149.50,-68.0682,0
150.00,-67.8908,0
150.50,-67.7109,0
151.00,-67.5286,0
151.50,-67.3435,0
152.00,-67.1555,0
152.50,-66.9643,0
153.00,-66.7696,0
153.50,-66.5712,0
154.00,-66.3687,0
154.50,-66.1618,0
155.00,-65.9500,0
155.50,-65.7328,0
156.00,-65.5098,0
156.50,-65.2802,0
157.00,-65.0435,0
157.50,-64.7987,0
158.00,-64.5450,0
158.50,-64.2813,0
159.00,-64.0063,0
159.50,-63.7184,0
160.00,-63.4159,0
160.50,-63.0966,0
161.00,-62.7578,0
161.50,-62.3963,0
162.00,-62.0079,0
162.50,-61.5877,0
163.00,-61.1291,0
163.50,-60.6235,0
164.00,-60.0600,0
164.50,-59.4234,0
165.00,-58.6929,0
165.50,-57.8391,0
166.00,-56.8188,0
166.50,-55.5668,0
167.00,-53.9795,0
167.50,-51.8834,0
168.00,-48.9689,0
168.50,-44.6327,0
169.00,-37.5626,0
169.50,-24.4332,0
170.00,5.2397,0
170.50,30.0000,1
171.00,-68.2407,0
171.50,-70.8799,0
172.00,-72.7038,0
172.50,-73.7779,0
173.00,-74.3175,0
173.50,-74.5345,0
174.00,-74.5748,0
174.50,-74.5230,0
175.00,-74.4242,0
175.50,-74.3016,0
176.00,-74.1667,0
176.50,-74.0256,0
177.00,-73.8812,0
177.50,-73.7351,0
178.00,-73.5880,0
178.50,-73.4403,0
179.00,-73.2922,0
179.50,-73.1438,0
180.00,-72.9952,0
180.50,-72.8464,0
181.00,-72.6973,0
181.50,-72.5479,0
182.00,-72.3983,0
182.50,-72.2484,0
183.00,-72.0981,0
183.50,-71.9475,0
184.00,-71.7965,0
184.50,-71.6450,0
185.00,-71.4931,0
185.50,-71.3408,0
186.00,-71.1878,0
186.50,-71.0343,0
187.00,-70.8802,0
187.50,-70.7254,0
188.00,-70.5698,0
188.50,-70.4135,0
189.00,-70.2564,0
189.50,-70.0984,0
190.00,-69.9395,0
190.50,-69.7796,0
191.00,-69.6186,0
191.50,-69.4564,0
192.00,-69.2930,0
192.50,-69.1283,0
193.00,-68.9622,0
193.50,-68.7945,0
194.00,-68.6253,0
194.50,-68.4543,0
195.00,-68.2814,0
195.50,-68.1066,0
196.00,-67.9296,0
196.50,-67.7503,0
197.00,-67.5685,0
197.50,-67.3841,0
198.00,-67.1967,0
198.50,-67.0062,0
199.00,-66.8123,0
199.50,-66.6148,0
200.00,-66.4132,0
200.50,-66.2073,0
201.00,-65.9966,0
201.50,-65.7806,0
202.00,-65.5589,0
202.50,-65.3308,0
203.00,-65.0957,0
203.50,-64.8527,0
204.00,-64.6011,0
204.50,-64.3397,0
205.00,-64.0673,0
205.50,-63.7823,0
206.00,-63.4832,0
206.50,-63.1677,0
207.00,-62.8334,0
207.50,-62.4772,0
208.00,-62.0951,0
208.50,-61.6823,0
209.00,-61.2326,0
209.50,-60.7382,0
210.00,-60.1884,0
210.50,-59.5693,0
211.00,-58.8614,0
211.50,-58.0375,0
212.00,-57.0581,0
212.50,-55.8638,0
213.00,-54.3612,0
213.50,-52.3961,0
214.00,-49.6974,0
214.50,-45.7477,0
215.00,-39.4517,0
215.50,-28.1362,0
216.00,-3.8266,0
216.50,30.0000,1
217.00,-68.2271,0
217.50,-70.8559,0
218.00,-72.6744,0
218.50,-73.7472,0
219.00,-74.2876,0
219.50,-74.5058,0
220.00,-74.5472,0
220.50,-74.4961,0
221.00,-74.3978,0
221.50,-74.2754,0
222.00,-74.1408,0
222.50,-73.9997,0
223.00,-73.8554,0
223.50,-73.7093,0
224.00,-73.5622,0
224.50,-73.4145,0
225.00,-73.2664,0
225.50,-73.1180,0
226.00,-72.9694,0
226.50,-72.8205,0
227.00,-72.6714,0
227.50,-72.5220,0
228.00,-72.3723,0
228.50,-72.2223,0
229.00,-72.0720,0
229.50,-71.9213,0
230.00,-71.7702,0
230.50,-71.6187,0
231.00,-71.4667,0
231.50,-71.3142,0
232.00,-71.1612,0
232.50,-71.0076,0
233.00,-70.8533,0
233.50,-70.6984,0
234.00,-70.5428,0
234.50,-70.3863,0
235.00,-70.2291,0
235.50,-70.0709,0
236.00,-69.9118,0
236.50,-69.7517,0
237.00,-69.5905,0
237.50,-69.4281,0
238.00,-69.2645,0
238.50,-69.0996,0
239.00,-68.9332,0
239.50,-68.7653,0
240.00,-68.5957,0
240.50,-68.4244,0
241.00,-68.2513,0
241.50,-68.0760,0
242.00,-67.8987,0
242.50,-67.7190,0
243.00,-67.5367,0
243.50,-67.3518,0
244.00,-67.1639,0
244.50,-66.9728,0
245.00,-66.7783,0
245.50,-66.5801,0
246.00,-66.3778,0
246.50,-66.1710,0
247.00,-65.9594,0
247.50,-65.7425,0
248.00,-65.5197,0
248.50,-65.2905,0
249.00,-65.0541,0
249.50,-64.8097,0
250.00,-64.5564,0
250.50,-64.2932,0
251.00,-64.0187,0
251.50,-63.7314,0
252.00,-63.4296,0
252.50,-63.1111,0
253.00,-62.7732,0
253.50,-62.4127,0
254.00,-62.0257,0
254.50,-61.6070,0
255.00,-61.1502,0
255.50,-60.6470,0
256.00,-60.0863,0
256.50,-59.4533,0
257.00,-58.7275,0
257.50,-57.8799,0
258.00,-56.8682,0
258.50,-55.6282,0
259.00,-54.0586,0
259.50,-51.9902,0
260.00,-49.1215,0
260.50,-44.8680,0
261.00,-37.9653,0
261.50,-25.2345,0
262.00,3.2314,0
262.50,30.0000,1
263.00,-68.2377,0
263.50,-70.8746,0
264.00,-72.6973,0
264.50,-73.7711,0
265.00,-74.3109,0
265.50,-74.5281,0
266.00,-74.5687,0
266.50,-74.5171,0
267.00,-74.4184,0
267.50,-74.2958,0
268.00,-74.1610,0
268.50,-74.0199,0
269.00,-73.8755,0
269.50,-73.7294,0
270.00,-73.5823,0
270.50,-73.4346,0
271.00,-73.2865,0
271.50,-73.1381,0
272.00,-72.9895,0
272.50,-72.8406,0
273.00,-72.6915,0
273.50,-72.5422,0
274.00,-72.3925,0
274.50,-72.2426,0
275.00,-72.0923,0
275.50,-71.9417,0
276.00,-71.7907,0
276.50,-71.6392,0
277.00,-71.4873,0
277.50,-71.3349,0
278.00,-71.1819,0
278.50,-71.0284,0
279.00,-70.8742,0
279.50,-70.7194,0
280.00,-70.5638,0
280.50,-70.4075,0
281.00,-70.2504,0
281.50,-70.0924,0
282.00,-69.9334,0
282.50,-69.7734,0
283.00,-69.6124,0
283.50,-69.4502,0
284.00,-69.2867,0
284.50,-69.1219,0
285.00,-68.9558,0
285.50,-68.7881,0
286.00,-68.6187,0
286.50,-68.4477,0
287.00,-68.2748,0
287.50,-68.0998,0
288.00,-67.9228,0
288.50,-67.7434,0
289.00,-67.5615,0
289.50,-67.3769,0
290.00,-67.1894,0
290.50,-66.9988,0
291.00,-66.8048,0
291.50,-66.6071,0
292.00,-66.4054,0
292.50,-66.1992,0
293.00,-65.9883,0
293.50,-65.7722,0
294.00,-65.5502,0
294.50,-65.3219,0
295.00,-65.0865,0
295.50,-64.8432,0
296.00,-64.5912,0
296.50,-64.3294,0
297.00,-64.0565,0
297.50,-63.7711,0
298.00,-63.4714,0
298.50,-63.1552,0
299.00,-62.8201,0
299.50,-62.4629,0
300.00,-62.0797,0
300.50,-61.6656,0
301.00,-61.2144,0
301.50,-60.7181,0
302.00,-60.1659,0
302.50,-59.5437,0
303.00,-58.8319,0
303.50,-58.0029,0
304.00,-57.0165,0
304.50,-55.8122,0
305.00,-54.2951,0
305.50,-52.3078,0
306.00,-49.5726,0
306.50,-45.5582,0
307.00,-39.1340,0
307.50,-27.5236,0
308.00,-2.3645,0
308.50,30.0000,1
309.00,-68.2293,0
309.50,-70.8597,0
310.00,-72.6791,0
310.50,-73.7522,0
311.00,-74.2924,0
311.50,-74.5104,0
312.00,-74.5516,0
312.50,-74.5005,0
313.00,-74.4021,0
313.50,-74.2796,0
314.00,-74.1449,0
314.50,-74.0039,0
315.00,-73.8596,0
315.50,-73.7135,0
316.00,-73.5664,0
316.50,-73.4186,0
317.00,-73.2706,0
317.50,-73.1222,0
318.00,-72.9736,0
318.50,-72.8247,0
319.00,-72.6756,0
319.50,-72.5262,0
320.00,-72.3765,0
320.50,-72.2265,0
321.00,-72.0762,0
321.50,-71.9255,0
322.00,-71.7745,0
322.50,-71.6230,0
323.00,-71.4710,0
323.50,-71.3185,0
324.00,-71.1655,0
324.50,-71.0119,0
325.00,-70.8577,0
325.50,-70.7028,0
326.00,-70.5471,0
326.50,-70.3907,0
327.00,-70.2335,0
327.50,-70.0754,0
328.00,-69.9163,0
328.50,-69.7562,0
329.00,-69.5950,0
329.50,-69.4327,0
330.00,-69.2691,0
330.50,-69.1042,0
331.00,-68.9378,0
331.50,-68.7700,0
332.00,-68.6005,0
332.50,-68.4292,0
333.00,-68.2561,0
333.50,-68.0809,0
334.00,-67.9036,0
334.50,-67.7240,0
335.00,-67.5418,0
335.50,-67.3569,0
336.00,-67.1692,0
336.50,-66.9782,0
337.00,-66.7838,0
337.50,-66.5857,0
338.00,-66.3835,0
338.50,-66.1769,0
339.00,-65.9654,0
339.50,-65.7487,0
340.00,-65.5261,0
340.50,-65.2970,0
341.00,-65.0608,0
341.50,-64.8167,0
342.00,-64.5637,0
342.50,-64.3007,0
343.00,-64.0266,0
343.50,-63.7397,0
344.00,-63.4383,0
344.50,-63.1203,0
345.00,-62.7830,0
345.50,-62.4232,0
346.00,-62.0369,0
346.50,-61.6192,0
347.00,-61.1636,0
347.50,-60.6618,0
348.00,-60.1029,0
348.50,-59.4722,0
349.00,-58.7493,0
349.50,-57.9056,0
350.00,-56.8992,0
350.50,-55.6668,0
351.00,-54.1084,0
351.50,-52.0572,0
352.00,-49.2170,0
352.50,-45.0147,0
353.00,-38.2153,0
353.50,-25.7288,0
354.00,2.0052,0
354.50,30.0000,1
355.00,-68.2358,0
355.50,-70.8713,0
356.00,-72.6933,0
356.50,-73.7670,0
357.00,-74.3068,0
357.50,-74.5242,0
358.00,-74.5649,0
358.50,-74.5134,0
359.00,-74.4148,0
359.50,-74.2922,0
360.00,-74.1574,0
360.50,-74.0164,0
361.00,-73.8720,0
361.50,-73.7259,0
362.00,-73.5788,0
362.50,-73.4311,0
363.00,-73.2830,0
363.50,-73.1346,0
364.00,-72.9860,0
364.50,-72.8371,0
365.00,-72.6880,0
365.50,-72.5387,0
366.00,-72.3890,0
366.50,-72.2391,0
367.00,-72.0888,0
367.50,-71.9382,0
368.00,-71.7871,0
368.50,-71.6357,0
369.00,-71.4837,0
369.50,-71.3313,0
370.00,-71.1783,0
370.50,-71.0247,0
371.00,-70.8706,0
371.50,-70.7157,0
372.00,-70.5602,0
372.50,-70.4038,0
373.00,-70.2467,0
373.50,-70.0886,0
374.00,-69.9296,0
374.50,-69.7696,0
375.00,-69.6085,0
375.50,-69.4463,0
376.00,-69.2828,0
376.50,-69.1180,0
377.00,-68.9518,0
377.50,-68.7841,0
378.00,-68.6147,0
378.50,-68.4436,0
379.00,-68.2707,0
379.50,-68.0957,0
380.00,-67.9186,0
380.50,-67.7391,0
381.00,-67.5572,0
381.50,-67.3725,0
382.00,-67.1850,0
382.50,-66.9943,0
383.00,-66.8002,0
383.50,-66.6024,0
384.00,-66.4006,0
384.50,-66.1943,0
385.00,-65.9833,0
385.50,-65.7670,0
386.00,-65.5449,0
386.50,-65.3164,0
387.00,-65.0809,0
387.50,-64.8374,0
388.00,-64.5852,0
388.50,-64.3231,0
389.00,-64.0500,0
389.50,-63.7642,0
390.00,-63.4641,0
390.50,-63.1476,0
391.00,-62.8120,0
391.50,-62.4542,0
392.00,-62.0704,0
392.50,-61.6555,0
393.00,-61.2034,0
393.50,-60.7058,0
394.00,-60.1522,0
394.50,-59.5282,0
395.00,-58.8139,0
395.50,-57.9817,0
396.00,-56.9910,0
396.50,-55.7807,0
397.00,-54.2547,0
397.50,-52.2537,0
398.00,-49.4960,0
398.50,-45.4416,0
399.00,-38.9379,0
399.50,-27.1432,0
400.00,-1.4491,0
400.50,30.0000,1
401.00,-68.2306,0
401.50,-70.8621,0
402.00,-72.6821,0
402.50,-73.7553,0
403.00,-74.2954,0
403.50,-74.5133,0
404.00,-74.5544,0
404.50,-74.5032,0
405.00,-74.4047,0
405.50,-74.2823,0
406.00,-74.1476,0
406.50,-74.0065,0
407.00,-73.8622,0
407.50,-73.7161,0
408.00,-73.5690,0
408.50,-73.4213,0
409.00,-73.2732,0
409.50,-73.1248,0
410.00,-72.9762,0
410.50,-72.8273,0
411.00,-72.6782,0
411.50,-72.5288,0
412.00,-72.3791,0
412.50,-72.2292,0
413.00,-72.0788,0
413.50,-71.9282,0
414.00,-71.7771,0
414.50,-71.6256,0
415.00,-71.4736,0
415.50,-71.3212,0
416.00,-71.1682,0
416.50,-71.0146,0
417.00,-70.8604,0
417.50,-70.7055,0
418.00,-70.5499,0
418.50,-70.3935,0
419.00,-70.2362,0
419.50,-70.0781,0
420.00,-69.9191,0
420.50,-69.7590,0
421.00,-69.5979,0
421.50,-69.4355,0
422.00,-69.2720,0
422.50,-69.1071,0
423.00,-68.9408,0
423.50,-68.7729,0
424.00,-68.6035,0
424.50,-68.4323,0
425.00,-68.2592,0
425.50,-68.0840,0
426.00,-67.9068,0
426.50,-67.7272,0
427.00,-67.5451,0
427.50,-67.3602,0
428.00,-67.1725,0
428.50,-66.9816,0
429.00,-66.7872,0
429.50,-66.5892,0
430.00,-66.3871,0
430.50,-66.1805,0
431.00,-65.9692,0
431.50,-65.7525,0
432.00,-65.5300,0
432.50,-65.3011,0
433.00,-65.0650,0
433.50,-64.8210,0
434.00,-64.5682,0
434.50,-64.3054,0
435.00,-64.0315,0
435.50,-63.7448,0
436.00,-63.4437,0
436.50,-63.1260,0
437.00,-62.7890,0
437.50,-62.4297,0
438.00,-62.0439,0
438.50,-61.6268,0
439.00,-61.1719,0
439.50,-60.6710,0
440.00,-60.1132,0
440.50,-59.4839,0
441.00,-58.7629,0
441.50,-57.9216,0
442.00,-56.9185,0
442.50,-55.6908,0
443.00,-54.1392,0
443.50,-52.0987,0
444.00,-49.2759,0
444.50,-45.1052,0
445.00,-38.3691,0
445.50,-26.0316,0
446.00,1.2590,0
446.50,30.0000,1
447.00,-68.2347,0
447.50,-70.8693,0
448.00,-72.6909,0
448.50,-73.7644,0
449.00,-74.3043,0
449.50,-74.5219,0
450.00,-74.5626,0
450.50,-74.5112,0
451.00,-74.4126,0
451.50,-74.2901,0
452.00,-74.1553,0
452.50,-74.0142,0
453.00,-73.8699,0
453.50,-73.7238,0
454.00,-73.5766,0
454.50,-73.4290,0
455.00,-73.2809,0
455.50,-73.1325,0
456.00,-72.9839,0
456.50,-72.8350,0
457.00,-72.6859,0
457.50,-72.5365,0
458.00,-72.3869,0
458.50,-72.2369,0
459.00,-72.0866,0
459.50,-71.9360,0
460.00,-71.7849,0
460.50,-71.6335,0
461.00,-71.4815,0
461.50,-71.3291,0
462.00,-71.1761,0
462.50,-71.0226,0
463.00,-70.8684,0
463.50,-70.7135,0
464.00,-70.5580,0
464.50,-70.4016,0
465.00,-70.2444,0
465.50,-70.0864,0
466.00,-69.9274,0
466.50,-69.7673,0
467.00,-69.6062,0
467.50,-69.4440,0
468.00,-69.2805,0
468.50,-69.1157,0
469.00,-68.9494,0
469.50,-68.7817,0
470.00,-68.6123,0
470.50,-68.4412,0
471.00,-68.2682,0
471.50,-68.0932,0
472.00,-67.9160,0
472.50,-67.7365,0
473.00,-67.5546,0
473.50,-67.3699,0
474.00,-67.1823,0
474.50,-66.9915,0
475.00,-66.7974,0
475.50,-66.5995,0
476.00,-66.3976,0
476.50,-66.1914,0
477.00,-65.9802,0
477.50,-65.7639,0
478.00,-65.5417,0
478.50,-65.3131,0
479.00,-65.0774,0
479.50,-64.8339,0
480.00,-64.5815,0
480.50,-64.3193,0
481.00,-64.0459,0
481.50,-63.7600,0
482.00,-63.4597,0
482.50,-63.1429,0
483.00,-62.8070,0
483.50,-62.4489,0
484.00,-62.0646,0
484.50,-61.6493,0
485.00,-61.1965,0
485.50,-60.6983,0
486.00,-60.1438,0
486.50,-59.5186,0
487.00,-58.8029,0
487.50,-57.9688,0
488.00,-56.9754,0
488.50,-55.7613,0
489.00,-54.2298,0
489.50,-52.2203,0
490.00,-49.4487,0
490.50,-45.3695,0
491.00,-38.8164,0
491.50,-26.9068,0
492.00,-0.8773,0
492.50,30.0000,1
493.00,-68.2315,0
493.50,-70.8637,0
494.00,-72.6840,0
494.50,-73.7572,0
495.00,-74.2973,0
495.50,-74.5151,0
496.00,-74.5561,0
496.50,-74.5049,0
497.00,-74.4064,0
497.50,-74.2839,0
498.00,-74.1492,0
498.50,-74.0082,0
499.00,-73.8638,0
499.50,-73.7177,0
500.00,-73.5706,0
500.50,-73.4229,0
501.00,-73.2748,0
501.50,-73.1264,0
502.00,-72.9778,0
502.50,-72.8289,0
503.00,-72.6798,0
503.50,-72.5304,0
504.00,-72.3808,0
504.50,-72.2308,0
505.00,-72.0805,0
505.50,-71.9298,0
506.00,-71.7788,0
506.50,-71.6273,0
507.00,-71.4753,0
507.50,-71.3229,0
508.00,-71.1698,0
508.50,-71.0163,0
509.00,-70.8621,0
509.50,-70.7072,0
510.00,-70.5516,0
510.50,-70.3952,0
511.00,-70.2380,0
511.50,-70.0799,0
512.00,-69.9208,0
512.50,-69.7608,0
513.00,-69.5996,0
513.50,-69.4373,0
514.00,-69.2738,0
514.50,-69.1089,0
515.00,-68.9426,0
515.50,-68.7748,0
516.00,-68.6053,0
516.50,-68.4341,0
517.00,-68.2611,0
517.50,-68.0860,0
518.00,-67.9087,0
518.50,-67.7292,0
519.00,-67.5471,0
519.50,-67.3623,0
520.00,-67.1746,0
520.50,-66.9837,0
521.00,-66.7894,0
521.50,-66.5914,0
522.00,-66.3893,0
522.50,-66.1828,0
523.00,-65.9715,0
523.50,-65.7549,0
524.00,-65.5325,0
524.50,-65.3036,0
525.00,-65.0676,0
525.50,-64.8237,0
526.00,-64.5710,0
526.50,-64.3083,0
527.00,-64.0345,0
527.50,-63.7480,0
528.00,-63.4471,0
528.50,-63.1296,0
529.00,-62.7929,0
529.50,-62.4338,0
530.00,-62.0483,0
530.50,-61.6316,0
531.00,-61.1771,0
531.50,-60.6768,0
532.00,-60.1197,0
532.50,-59.4913,0
533.00,-58.7714,0
533.50,-57.9316,0
534.00,-56.9306,0
534.50,-55.7058,0
535.00,-54.1585,0
535.50,-52.1245,0
536.00,-49.3127,0
536.50,-45.1615,0
537.00,-38.4647,0
537.50,-26.2193,0
538.00,0.7982,0
538.50,30.0000,1
539.00,-68.2340,0
539.50,-70.8681,0
540.00,-72.6894,0
540.50,-73.7629,0
541.00,-74.3028,0
541.50,-74.5204,0
542.00,-74.5612,0
542.50,-74.5098,0
543.00,-74.4113,0
543.50,-74.2888,0
544.00,-74.1540,0
544.50,-74.0129,0
545.00,-73.8686,0
545.50,-73.7224,0
546.00,-73.5753,0
546.50,-73.4276,0
547.00,-73.2795,0
547.50,-73.1312,0
548.00,-72.9826,0
548.50,-72.8337,0
549.00,-72.6846,0
549.50,-72.5352,0
550.00,-72.3856,0
550.50,-72.2356,0
551.00,-72.0853,0
551.50,-71.9347,0
552.00,-71.7836,0
552.50,-71.6321,0
553.00,-71.4802,0
553.50,-71.3278,0
554.00,-71.1748,0
554.50,-71.0212,0
555.00,-70.8670,0
555.50,-70.7121,0
556.00,-70.5566,0
556.50,-70.4002,0
557.00,-70.2430,0
557.50,-70.0850,0
558.00,-69.9259,0
558.50,-69.7659,0
559.00,-69.6048,0
559.50,-69.4426,0
560.00,-69.2790,0
560.50,-69.1142,0
561.00,-68.9480,0
561.50,-68.7802,0
562.00,-68.6108,0
562.50,-68.4396,0
563.00,-68.2666,0
563.50,-68.0916,0
564.00,-67.9144,0
564.50,-67.7349,0
565.00,-67.5529,0
565.50,-67.3682,0
566.00,-67.1806,0
566.50,-66.9898,0
567.00,-66.7957,0
567.50,-66.5978,0
568.00,-66.3958,0
568.50,-66.1895,0
569.00,-65.9784,0
569.50,-65.7619,0
570.00,-65.5397,0
570.50,-65.3110,0
571.00,-65.0753,0
571.50,-64.8317,0
572.00,-64.5792,0
572.50,-64.3169,0
573.00,-64.0435,0
573.50,-63.7574,0
574.00,-63.4570,0
574.50,-63.1400,0
575.00,-62.8040,0
575.50,-62.4456,0
576.00,-62.0611,0
576.50,-61.6455,0
577.00,-61.1924,0
577.50,-60.6936,0
578.00,-60.1386,0
578.50,-59.5127,0
579.00,-58.7961,0
579.50,-57.9607,0
580.00,-56.9657,0
580.50,-55.7493,0
581.00,-54.2144,0
581.50,-52.1996,0
582.00,-49.4194,0
582.50,-45.3247,0
583.00,-38.7408,0
583.50,-26.7595,0
584.00,-0.5198,0
584.50,30.0000,1
585.00,-68.2320,0
585.50,-70.8646,0
586.00,-72.6851,0
586.50,-73.7584,0
587.00,-74.2985,0
587.50,-74.5163,0
588.00,-74.5572,0
588.50,-74.5059,0
589.00,-74.4074,0
589.50,-74.2850,0
590.00,-74.1502,0
590.50,-74.0092,0
591.00,-73.8648,0
591.50,-73.7187,0
592.00,-73.5716,0
592.50,-73.4239,0
593.00,-73.2758,0
593.50,-73.1274,0
594.00,-72.9788,0
594.50,-72.8299,0
595.00,-72.6808,0
595.50,-72.5315,0
596.00,-72.3818,0
596.50,-72.2318,0
597.00,-72.0815,0
597.50,-71.9309,0
598.00,-71.7798,0
598.50,-71.6283,0
599.00,-71.4764,0
599.50,-71.3239,0
600.00,-71.1709,0
600.50,-71.0173,0
601.00,-70.8631,0
601.50,-70.7082,0
602.00,-70.5526,0
602.50,-70.3963,0
603.00,-70.2391,0
603.50,-70.0810,0
604.00,-69.9219,0
604.50,-69.7619,0
605.00,-69.6008,0
605.50,-69.4385,0
606.00,-69.2749,0
606.50,-69.1101,0
607.00,-68.9438,0
607.50,-68.7759,0
608.00,-68.6065,0
608.50,-68.4353,0
609.00,-68.2623,0
609.50,-68.0872,0
610.00,-67.9100,0
610.50,-67.7304,0
611.00,-67.5483,0
611.50,-67.3635,0
612.00,-67.1759,0
612.50,-66.9850,0
613.00,-66.7907,0
613.50,-66.5927,0
614.00,-66.3907,0
614.50,-66.1842,0
615.00,-65.9730,0
615.50,-65.7564,0
616.00,-65.5340,0
616.50,-65.3052,0
617.00,-65.0693,0
617.50,-64.8254,0
618.00,-64.5727,0
618.50,-64.3102,0
619.00,-64.0364,0
619.50,-63.7500,0
620.00,-63.4492,0
620.50,-63.1318,0
621.00,-62.7952,0
621.50,-62.4363,0
622.00,-62.0511,0
622.50,-61.6346,0
623.00,-61.1804,0
623.50,-60.6804,0
624.00,-60.1238,0
624.50,-59.4959,0
625.00,-58.7767,0
625.50,-57.9378,0
626.00,-56.9381,0
626.50,-55.7151,0
627.00,-54.1705,0
627.50,-52.1407,0
628.00,-49.3356,0
628.50,-45.1967,0
629.00,-38.5242,0
629.50,-26.3360,0
630.00,0.5126,0
630.50,30.0000,1
631.00,-68.2336,0
631.50,-70.8674,0
632.00,-72.6885,0
632.50,-73.7619,0
633.00,-74.3019,0
633.50,-74.5195,0
634.00,-74.5604,0
634.50,-74.5090,0
635.00,-74.4104,0
635.50,-74.2879,0
636.00,-74.1532,0
636.50,-74.0121,0
637.00,-73.8677,0
637.50,-73.7216,0
638.00,-73.5745,0
638.50,-73.4268,0
639.00,-73.2787,0
639.50,-73.1304,0
640.00,-72.9817,0
640.50,-72.8329,0
641.00,-72.6838,0
641.50,-72.5344,0
642.00,-72.3847,0
642.50,-72.2348,0
643.00,-72.0845,0
643.50,-71.9338,0
644.00,-71.7828,0
644.50,-71.6313,0
645.00,-71.4794,0
645.50,-71.3269,0
646.00,-71.1739,0
646.50,-71.0203,0
647.00,-70.8662,0
647.50,-70.7113,0
648.00,-70.5557,0
648.50,-70.3994,0
649.00,-70.2422,0
649.50,-70.0841,0
650.00,-69.9251,0
650.50,-69.7650,0
651.00,-69.6039,0
651.50,-69.4416,0
652.00,-69.2781,0
652.50,-69.1133,0
653.00,-68.9470,0
653.50,-68.7793,0
654.00,-68.6098,0
654.50,-68.4387,0
655.00,-68.2657,0
655.50,-68.0907,0
656.00,-67.9135,0
656.50,-67.7339,0
657.00,-67.5519,0
657.50,-67.3672,0
658.00,-67.1796,0
658.50,-66.9888,0
659.00,-66.7946,0
659.50,-66.5967,0
660.00,-66.3947,0
660.50,-66.1884,0
661.00,-65.9772,0
661.50,-65.7607,0
662.00,-65.5384,0
662.50,-65.3098,0
663.00,-65.0740,0
663.50,-64.8303,0
664.00,-64.5778,0
664.50,-64.3155,0
665.00,-64.0420,0
665.50,-63.7558,0
666.00,-63.4553,0
666.50,-63.1383,0
667.00,-62.8021,0
667.50,-62.4436,0
668.00,-62.0590,0
668.50,-61.6431,0
669.00,-61.1898,0
669.50,-60.6908,0
670.00,-60.1354,0
670.50,-59.5091,0
671.00,-58.7919,0
671.50,-57.9558,0
672.00,-56.9598,0
672.50,-55.7420,0
673.00,-54.2050,0
673.50,-52.1870,0
674.00,-49.4015,0
674.50,-45.2973,0
675.00,-38.6945,0
675.50,-26.6691,0
676.00,-0.3001,0
676.50,30.0000,1
677.00,-68.2324,0
677.50,-70.8652,0
678.00,-72.6858,0
678.50,-73.7591,0
679.00,-74.2992,0
679.50,-74.5169,0
680.00,-74.5579,0
680.50,-74.5066,0
681.00,-74.4081,0
681.50,-74.2856,0
682.00,-74.1508,0
682.50,-74.0098,0
683.00,-73.8654,0
683.50,-73.7193,0
684.00,-73.5722,0
684.50,-73.4245,0
685.00,-73.2764,0
685.50,-73.1280,0
686.00,-72.9794,0
686.50,-72.8306,0
687.00,-72.6814,0
687.50,-72.5321,0
688.00,-72.3824,0
688.50,-72.2324,0
689.00,-72.0822,0
689.50,-71.9315,0
690.00,-71.7804,0
690.50,-71.6289,0
691.00,-71.4770,0
691.50,-71.3245,0
692.00,-71.1715,0
692.50,-71.0180,0
693.00,-70.8638,0
693.50,-70.7089,0
694.00,-70.5533,0
694.50,-70.3969,0
695.00,-70.2397,0
695.50,-70.0816,0
696.00,-69.9226,0
696.50,-69.7626,0
697.00,-69.6014,0
697.50,-69.4391,0
698.00,-69.2756,0
698.50,-69.1107,0
699.00,-68.9445,0
699.50,-68.7766,0
700.00,-68.6072,0
700.50,-68.4360,0
701.00,-68.2630,0
701.50,-68.0879,0
702.00,-67.9107,0
702.50,-67.7311,0
703.00,-67.5491,0
703.50,-67.3643,0
704.00,-67.1766,0
704.50,-66.9858,0
705.00,-66.7915,0
705.50,-66.5936,0
706.00,-66.3916,0
706.50,-66.1851,0
707.00,-65.9739,0
707.50,-65.7573,0
708.00,-65.5350,0
708.50,-65.3062,0
709.00,-65.0703,0
709.50,-64.8265,0
710.00,-64.5738,0
710.50,-64.3113,0
711.00,-64.0376,0
711.50,-63.7513,0
712.00,-63.4505,0
712.50,-63.1332,0
713.00,-62.7967,0
713.50,-62.4379,0
714.00,-62.0528,0
714.50,-61.6364,0
715.00,-61.1824,0
715.50,-60.6826,0
716.00,-60.1263,0
716.50,-59.4987,0
717.00,-58.7800,0
717.50,-57.9417,0
718.00,-56.9428,0
718.50,-55.7209,0
719.00,-54.1779,0
719.50,-52.1506,0
720.00,-49.3498,0
720.50,-45.2183,0
721.00,-38.5609,0
721.50,-26.4079,0
722.00,0.3367,0
722.50,30.0000,1
723.00,-68.2333,0
723.50,-70.8669,0
724.00,-72.6879,0
724.50,-73.7613,0
725.00,-74.3013,0
725.50,-74.5190,0
726.00,-74.5598,0
726.50,-74.5085,0
727.00,-74.4099,0
727.50,-74.2874,0
728.00,-74.1527,0
728.50,-74.0116,0
729.00,-73.8672,0
729.50,-73.7211,0
730.00,-73.5740,0
730.50,-73.4263,0
731.00,-73.2782,0
731.50,-73.1299,0
732.00,-72.9813,0
732.50,-72.8324,0
733.00,-72.6833,0
733.50,-72.5339,0
734.00,-72.3842,0
734.50,-72.2343,0
735.00,-72.0840,0
735.50,-71.9333,0
736.00,-71.7823,0
736.50,-71.6308,0
737.00,-71.4789,0
737.50,-71.3264,0
738.00,-71.1734,0
738.50,-71.0198,0
739.00,-70.8656,0
739.50,-70.7108,0
740.00,-70.5552,0
740.50,-70.3988,0
741.00,-70.2416,0
741.50,-70.0836,0
742.00,-69.9245,0
742.50,-69.7645,0
743.00,-69.6034,0
743.50,-69.4411,0
744.00,-69.2776,0
744.50,-69.1127,0
745.00,-68.9465,0
745.50,-68.7787,0
746.00,-68.6093,0
746.50,-68.4381,0
747.00,-68.2651,0
747.50,-68.0900,0
748.00,-67.9129,0
748.50,-67.7333,0
749.00,-67.5513,0
749.50,-67.3666,0
750.00,-67.1789,0
750.50,-66.9882,0
751.00,-66.7939,0
751.50,-66.5960,0
752.00,-66.3940,0
752.50,-66.1877,0
753.00,-65.9765,0
753.50,-65.7600,0
754.00,-65.5377,0
754.50,-65.3090,0
755.00,-65.0732,0
755.50,-64.8295,0
756.00,-64.5770,0
756.50,-64.3146,0
757.00,-64.0410,0
757.50,-63.7548,0
758.00,-63.4543,0
758.50,-63.1372,0
759.00,-62.8009,0
759.50,-62.4424,0
760.00,-62.0576,0
760.50,-61.6417,0
761.00,-61.1882,0
761.50,-60.6890,0
762.00,-60.1334,0
762.50,-59.5068,0
763.00,-58.7893,0
763.50,-57.9528,0
764.00,-56.9561,0
764.50,-55.7374,0
765.00,-54.1991,0
765.50,-52.1791,0
766.00,-49.3903,0
766.50,-45.2803,0
767.00,-38.6657,0
767.50,-26.6128,0
768.00,-0.1630,0
768.50,30.0000,1
769.00,-68.2326,0
769.50,-70.8656,0
770.00,-72.6863,0
770.50,-73.7596,0
771.00,-74.2997,0
771.50,-74.5174,0
772.00,-74.5583,0
772.50,-74.5070,0
773.00,-74.4085,0
773.50,-74.2860,0
774.00,-74.1512,0
774.50,-74.0102,0
775.00,-73.8658,0
775.50,-73.7197,0
776.00,-73.5726,0
776.50,-73.4249,0
777.00,-73.2768,0
777.50,-73.1284,0
778.00,-72.9798,0
778.50,-72.8309,0
779.00,-72.6818,0
779.50,-72.5325,0
780.00,-72.3828,0
780.50,-72.2328,0
781.00,-72.0826,0
781.50,-71.9319,0
782.00,-71.7808,0
782.50,-71.6293,0
783.00,-71.4774,0
783.50,-71.3249,0
784.00,-71.1720,0
784.50,-71.0184,0
785.00,-70.8642,0
785.50,-70.7093,0
786.00,-70.5537,0
786.50,-70.3973,0
787.00,-70.2401,0
787.50,-70.0821,0
788.00,-69.9230,0
788.50,-69.7630,0
789.00,-69.6019,0
789.50,-69.4396,0
790.00,-69.2760,0
790.50,-69.1112,0
791.00,-68.9449,0
791.50,-68.7771,0
792.00,-68.6077,0
792.50,-68.4365,0
793.00,-68.2634,0
793.50,-68.0884,0
794.00,-67.9111,0
794.50,-67.7316,0
795.00,-67.5496,0
795.50,-67.3648,0
796.00,-67.1771,0
796.50,-66.9863,0
797.00,-66.7921,0
797.50,-66.5941,0
798.00,-66.3921,0
798.50,-66.1857,0
799.00,-65.9744,0
799.50,-65.7579,0
800.00,-65.5356,0
800.50,-65.3068,0
801.00,-65.0709,0
801.50,-64.8271,0
802.00,-64.5745,0
802.50,-64.3120,0
803.00,-64.0384,0
803.50,-63.7521,0
804.00,-63.4513,0
804.50,-63.1340,0
805.00,-62.7976,0
805.50,-62.4388,0
806.00,-62.0538,0
806.50,-61.6375,0
807.00,-61.1836,0
807.50,-60.6840,0
808.00,-60.1278,0
808.50,-59.5004,0
809.00,-58.7820,0
809.50,-57.9441,0
810.00,-56.9456,0
810.50,-55.7244,0
811.00,-54.1825,0
811.50,-52.1568,0
812.00,-49.3585,0
812.50,-45.2317,0
813.00,-38.5835,0
813.50,-26.4521,0
814.00,0.2288,0
814.50,30.0000,1
815.00,-68.2332,0
815.50,-70.8666,0
816.00,-72.6875,0
816.50,-73.7609,0
817.00,-74.3009,0
817.50,-74.5186,0
818.00,-74.5595,0
818.50,-74.5081,0
819.00,-74.4096,0
819.50,-74.2871,0
820.00,-74.1524,0
820.50,-74.0113,0
821.00,-73.8669,0
821.50,-73.7208,0
822.00,-73.5737,0
822.50,-73.4260,0
823.00,-73.2779,0
823.50,-73.1296,0
824.00,-72.9809,0
824.50,-72.8321,0
825.00,-72.6830,0
825.50,-72.5336,0
826.00,-72.3839,0
826.50,-72.2340,0
827.00,-72.0837,0
827.50,-71.9330,0
828.00,-71.7820,0
828.50,-71.6305,0
829.00,-71.4785,0
829.50,-71.3261,0
830.00,-71.1731,0
830.50,-71.0195,0
831.00,-70.8653,0
831.50,-70.7104,0
832.00,-70.5549,0
832.50,-70.3985,0
833.00,-70.2413,0
833.50,-70.0832,0
834.00,-69.9242,0
834.50,-69.7642,0
835.00,-69.6031,0
835.50,-69.4408,0
836.00,-69.2773,0
836.50,-69.1124,0
837.00,-68.9461,0
837.50,-68.7783,0
838.00,-68.6089,0
838.50,-68.4378,0
839.00,-68.2647,0
839.50,-68.0897,0
840.00,-67.9125,0
840.50,-67.7330,0
841.00,-67.5509,0
841.50,-67.3662,0
842.00,-67.1786,0
842.50,-66.9878,0
843.00,-66.7935,0
843.50,-66.5956,0
844.00,-66.3936,0
844.50,-66.1872,0
845.00,-65.9760,0
845.50,-65.7595,0
846.00,-65.5372,0
846.50,-65.3085,0
847.00,-65.0727,0
847.50,-64.8290,0
848.00,-64.5764,0
848.50,-64.3140,0
849.00,-64.0404,0
849.50,-63.7542,0
850.00,-63.4536,0
850.50,-63.1365,0
851.00,-62.8002,0
851.50,-62.4416,0
852.00,-62.0568,0
852.50,-61.6407,0
853.00,-61.1872,0
853.50,-60.6879,0
854.00,-60.1322,0
854.50,-59.5054,0
855.00,-58.7877,0
855.50,-57.9509,0
856.00,-56.9538,0
856.50,-55.7346,0
857.00,-54.1955,0
857.50,-52.1743,0
858.00,-49.3834,0
858.50,-45.2697,0
859.00,-38.6478,0
859.50,-26.5778,0
860.00,-0.0778,0
860.50,30.0000,1
861.00,-68.2327,0
861.50,-70.8658,0
862.00,-72.6865,0
862.50,-73.7599,0
863.00,-74.2999,0
863.50,-74.5176,0
864.00,-74.5586,0
864.50,-74.5072,0
865.00,-74.4087,0
865.50,-74.2862,0
866.00,-74.1515,0
866.50,-74.0104,0
867.00,-73.8661,0
867.50,-73.7200,0
868.00,-73.5729,0
868.50,-73.4251,0
869.00,-73.2771,0
869.50,-73.1287,0
870.00,-72.9801,0
870.50,-72.8312,0
871.00,-72.6821,0
871.50,-72.5327,0
872.00,-72.3831,0
872.50,-72.2331,0
873.00,-72.0828,0
873.50,-71.9321,0
874.00,-71.7811,0
874.50,-71.6296,0
875.00,-71.4776,0
875.50,-71.3252,0
876.00,-71.1722,0
876.50,-71.0186,0
877.00,-70.8644,0
877.50,-70.7095,0
878.00,-70.5539,0
878.50,-70.3976,0
879.00,-70.2404,0
879.50,-70.0823,0
880.00,-69.9233,0
880.50,-69.7632,0
881.00,-69.6021,0
881.50,-69.4398,0
882.00,-69.2763,0
882.50,-69.1114,0
883.00,-68.9452,0
883.50,-68.7774,0
884.00,-68.6079,0
884.50,-68.4368,0
885.00,-68.2637,0
885.50,-68.0887,0
886.00,-67.9115,0
886.50,-67.7319,0
887.00,-67.5499,0
887.50,-67.3651,0
888.00,-67.1774,0
888.50,-66.9866,0
889.00,-66.7924,0
889.50,-66.5944,0
890.00,-66.3924,0
890.50,-66.1860,0
891.00,-65.9748,0
891.50,-65.7583,0
892.00,-65.5359,0
892.50,-65.3072,0
893.00,-65.0713,0
893.50,-64.8275,0
894.00,-64.5749,0
894.50,-64.3124,0
895.00,-64.0388,0
895.50,-63.7525,0
896.00,-63.4518,0
896.50,-63.1346,0
897.00,-62.7982,0
897.50,-62.4395,0
898.00,-62.0545,0
898.50,-61.6382,0
899.00,-61.1844,0
899.50,-60.6849,0
900.00,-65.1287,0
900.50,-69.4758,0
901.00,-72.9591,0
901.50,-75.1949,0
902.00,-76.3595,0
902.50,-76.8677,0
903.00,-77.0504,0
903.50,-77.0887,0
904.00,-77.0662,0
904.50,-77.0186,0
905.00,-76.9609,0
905.50,-76.8993,0
906.00,-76.8364,0
906.50,-76.7731,0
907.00,-76.7100,0
907.50,-76.6472,0
908.00,-76.5848,0
908.50,-76.5228,0
909.00,-76.4613,0
909.50,-76.4002,0
910.00,-76.3396,0
910.50,-76.2794,0
911.00,-76.2197,0
911.50,-76.1604,0
912.00,-76.1015,0
912.50,-76.0432,0
913.00,-75.9852,0
913.50,-75.9277,0
914.00,-75.8706,0
914.50,-75.8139,0
915.00,-75.7577,0
915.50,-75.7019,0
916.00,-75.6465,0
916.50,-75.5915,0
917.00,-75.5370,0
917.50,-75.4829,0
918.00,-75.4292,0
918.50,-75.3760,0
919.00,-75.3231,0
919.50,-75.2707,0
920.00,-75.2186,0
920.50,-75.1670,0
921.00,-75.1158,0
921.50,-75.0650,0
922.00,-75.0145,0
922.50,-74.9645,0
923.00,-74.9149,0
923.50,-74.8657,0
924.00,-74.8169,0
924.50,-74.7684,0
925.00,-74.7204,0
925.50,-74.6727,0
926.00,-74.6255,0
926.50,-74.5786,0
927.00,-74.5321,0
927.50,-74.4860,0
928.00,-74.4402,0
928.50,-74.3949,0
929.00,-74.3499,0
929.50,-74.3053,0
930.00,-74.2610,0
930.50,-74.2171,0
931.00,-74.1736,0
931.50,-74.1305,0
932.00,-74.0877,0
932.50,-74.0453,0
933.00,-74.0032,0
933.50,-73.9615,0
934.00,-73.9202,0
934.50,-73.8792,0
935.00,-73.8385,0
935.50,-73.7982,0
936.00,-73.7583,0
936.50,-73.7187,0
937.00,-73.6794,0
937.50,-73.6405,0
938.00,-73.6019,0
938.50,-73.5636,0
939.00,-73.5257,0
939.50,-73.4882,0
940.00,-73.4509,0
940.50,-73.4140,0
941.00,-73.3774,0
941.50,-73.3411,0
942.00,-73.3052,0
942.50,-73.2696,0
943.00,-73.2343,0
943.50,-73.1993,0
944.00,-73.1646,0
944.50,-73.1303,0
945.00,-73.0962,0
945.50,-73.0625,0
946.00,-73.0291,0
946.50,-72.9960,0
947.00,-72.9632,0
947.50,-72.9307,0
948.00,-72.8984,0
948.50,-72.8665,0
949.00,-72.8349,0
949.50,-72.8036,0
950.00,-72.7726,0
950.50,-72.7418,0
951.00,-72.7114,0
951.50,-72.6813,0
952.00,-72.6514,0
952.50,-72.6218,0
953.00,-72.5925,0
953.50,-72.5635,0
954.00,-72.5347,0
954.50,-72.5062,0
955.00,-72.4780,0
955.50,-72.4501,0
956.00,-72.4224,0
956.50,-72.3951,0
957.00,-72.3679,0
957.50,-72.3411,0
958.00,-72.3145,0
958.50,-72.2881,0
959.00,-72.2621,0
959.50,-72.2362,0
960.00,-72.2107,0
960.50,-72.1854,0
961.00,-72.1603,0
961.50,-72.1355,0
962.00,-72.1109,0
962.50,-72.0866,0
963.00,-72.0626,0
963.50,-72.0387,0
964.00,-72.0151,0
964.50,-71.9918,0
965.00,-71.9687,0
965.50,-71.9458,0
966.00,-71.9232,0
966.50,-71.9007,0
967.00,-71.8786,0
967.50,-71.8566,0
968.00,-71.8349,0
968.50,-71.8134,0
969.00,-71.7921,0
969.50,-71.7710,0
970.00,-71.7502,0
970.50,-71.7296,0
971.00,-71.7091,0
971.50,-71.6889,0
972.00,-71.6690,0
972.50,-71.6492,0
973.00,-71.6296,0
973.50,-71.6103,0
974.00,-71.5911,0
974.50,-71.5722,0
975.00,-71.5534,0
975.50,-71.5349,0
976.00,-71.5165,0
976.50,-71.4984,0
977.00,-71.4804,0
977.50,-71.4627,0
978.00,-71.4451,0
978.50,-71.4277,0
979.00,-71.4105,0
979.50,-71.3935,0
980.00,-71.3767,0
980.50,-71.3601,0
981.00,-71.3436,0
981.50,-71.3273,0
982.00,-71.3112,0
982.50,-71.2953,0
983.00,-71.2796,0
983.50,-71.2640,0
984.00,-71.2486,0
984.50,-71.2334,0
985.00,-71.2183,0
985.50,-71.2034,0
986.00,-71.1887,0
986.50,-71.1742,0
987.00,-71.1598,0
987.50,-71.1455,0
988.00,-71.1315,0
988.50,-71.1176,0
989.00,-71.1038,0
989.50,-71.0902,0
990.00,-71.0768,0
990.50,-71.0635,0
991.00,-71.0503,0
991.50,-71.0373,0
992.00,-71.0245,0
992.50,-71.0118,0
993.00,-70.9992,0
993.50,-70.9868,0
994.00,-70.9745,0
994.50,-70.9624,0
995.00,-70.9504,0
995.50,-70.9386,0
996.00,-70.9269,0
996.50,-70.9153,0
997.00,-70.9039,0
997.50,-70.8926,0
998.00,-70.8814,0
998.50,-70.8704,0
999.00,-70.8595,0
999.50,-70.8486,0
